{
  "npmScope": "nx-example",
  "affected": {
    "defaultBase": "main"
  },
  "cli": {
    "defaultCollection": "@nrwl/angular",
    "packageManager": "npm"
  },
  "implicitDependencies": {
    "package.json": {
      "dependencies": "*",
      "devDependencies": "*"
    },
    ".eslintrc.json": "*"
  },
  "tasksRunnerOptions": {
    "default": {
      "runner": "nx/tasks-runners/default",
      "options": {
        "cacheableOperations": ["build", "lint", "test", "e2e"]
      }
    }
  },
  "targetDependencies": {
    "build": [
      {
        "target": "build",
        "projects": "dependencies"
      }
    ]
  },
  "generators": {
    "@nrwl/angular:application": {
      "style": "css",
      "linter": "eslint",
      "unitTestRunner": "jest",
      "e2eTestRunner": "cypress"
    },
    "@nrwl/angular:library": {
      "linter": "eslint",
      "unitTestRunner": "jest"
    },
    "@nrwl/angular:component": {
      "style": "css"
    }
  }
}
