{
  "implicitDependencies": {
    "package.json": {
      "dependencies": "*",
      "devDependencies": "*"
    },
    ".eslintrc.json": "*"
  },
  "affected": {
    "defaultBase": "master"
  },
  "npmScope": "nx-example",
  "tasksRunnerOptions": {
    "default": {
      "runner": "@nrwl/nx-cloud",
      "options": {
        "accessToken": "YmM1MGMwMTUtNzAyYi00ZjM4LWExNGUtZDM2ZjYyNzNiODAxfHJlYWQ=",
        "cacheableOperations": ["build", "lint", "test"],
        "parallel": 1
      }
    }
  },
  "targetDependencies": {
    "build": [
      {
        "target": "build",
        "projects": "dependencies"
      }
    ]
  },
  "cli": {
    "warnings": {
      "versionMismatch": false
    },
    "packageManager": "yarn",
    "analytics": false
  },
  "generators": {
    "@nrwl/angular:application": {
      "unitTestRunner": "jest",
      "e2eTestRunner": "cypress"
    },
    "@nrwl/angular:library": {
      "unitTestRunner": "jest"
    },
    "@nrwl/angular": {
      "convert-tslint-to-eslint": {
        "removeTSLintIfNoMoreTSLintTargets": true
      }
    }
  },
  "defaultProject": "products",
  "$schema": "./node_modules/nx/schemas/nx-schema.json"
}
