{
  "version": 2,
  "projects": {
    "cart": "apps/cart",
    "cart-cart-page": "libs/cart/cart-page",
    "cart-e2e": "apps/cart-e2e",
    "products": "apps/products",
    "products-e2e": "apps/products-e2e",
    "products-home-page": "libs/products/home-page",
    "products-product-detail-page": "libs/products/product-detail-page",
    "shared-assets": "libs/shared/assets",
    "shared-cart-state": "libs/shared/cart/state",
    "shared-e2e-utils": "libs/shared/e2e-utils",
    "shared-header": "libs/shared/header",
    "shared-jsxify": "libs/shared/jsxify",
    "shared-product-data": "libs/shared/product/data",
    "shared-product-state": "libs/shared/product/state",
    "shared-product-types": "libs/shared/product/types",
    "shared-product-ui": "libs/shared/product/ui",
    "shared-styles": "libs/shared/styles"
  },
  "$schema": "./node_modules/nx/schemas/workspace-schema.json"
}
